{
  "version": "1.0.0",
  "last_updated": "2025-10-16T00:00:00Z",
  "description": "Website configurations for the web crawler - externalized for easy management",
  "websites": [
    {
      "id": "college_of_policing",
      "name": "College of Policing - App Portal",
      "url": "https://www.college.police.uk/app",
      "enabled": true,
      "description": "College of Policing app portal",
      "document_types": ["pdf", "doc", "docx", "xml"],
      "crawl_depth": "deep",
      "priority": "high",
      "multi_level": false,
      "max_depth": 1
    },
    {
      "id": "cps_working",
      "name": "Crown Prosecution Service",
      "url": "https://www.cps.gov.uk/prosecution-guidance",
      "enabled": true,
      "description": "CPS prosecution guidance and legal policies (2-level crawl enabled)",
      "document_types": ["pdf", "doc", "docx", "xml", "html"],
      "crawl_depth": "deep",
      "priority": "high",
      "multi_level": true,
      "max_depth": 2
    },
    {
      "id": "legislation_test_working",
      "name": "UK Legislation (Test - Working)",
      "url": "https://www.legislation.gov.uk/uksi/2024/1052/contents",
      "enabled": true,
      "description": "Keep one working legislation site for comparison",
      "document_types": ["pdf", "xml"],
      "crawl_depth": "single",
      "priority": "baseline",
      "multi_level": false,
      "max_depth": 1
    },
    {
      "id": "npcc_publications",
      "name": "NPCC Publications - All Publications",
      "url": "https://www.npcc.police.uk/publications/All-publications/",
      "enabled": true,
      "description": "NPCC All Publications page - comprehensive publication database",
      "document_types": ["pdf", "doc", "docx", "xml"],
      "crawl_depth": "deep",
      "priority": "high",
      "multi_level": true,
      "max_depth": 2
    },
    {
      "id": "uk_legislation_future",
      "name": "UK Public General Acts",
      "url": "https://www.legislation.gov.uk/ukpga",
      "enabled": true,
      "description": "UK Public General Acts from all years - comprehensive legal database",
      "document_types": ["pdf", "xml", "html"],
      "crawl_depth": "deep",
      "priority": "high",
      "multi_level": true,
      "max_depth": 2
    },
    {
      "id": "npcc_future",
      "name": "National Police Chiefs' Council",
      "url": "https://www.npcc.police.uk/",
      "enabled": false,
      "description": "NPCC guidance - disabled for now",
      "document_types": ["pdf", "doc", "docx", "xml"],
      "crawl_depth": "deep",
      "priority": "high",
      "multi_level": false,
      "max_depth": 1
    },
    {
      "id": "cps_future",
      "name": "Crown Prosecution Service",
      "url": "https://www.cps.gov.uk/",
      "enabled": false,
      "description": "CPS legal guidance - disabled for now",
      "document_types": ["pdf", "doc", "docx", "xml"],
      "crawl_depth": "deep",
      "priority": "high",
      "multi_level": false,
      "max_depth": 1
    },
    {
      "id": "gov_uk_future",
      "name": "GOV.UK",
      "url": "https://www.gov.uk/",
      "enabled": false,
      "description": "UK government guidance and publications - disabled for now",
      "document_types": ["pdf", "doc", "docx", "csv", "xml"],
      "crawl_depth": "deep",
      "priority": "high",
      "multi_level": false,
      "max_depth": 1
    }
  ]
}
