{
  "version": "2.0",
  "logging": {
    "applicationInsights": {
      "samplingSettings": {
        "isEnabled": true,
        "excludedTypes": "Request"
      }
    }
  },
  "extensionBundle": {
    "id": "Microsoft.Azure.Functions.ExtensionBundle",
    "version": "[4.*, 5.0.0)"
  },
  "extensions": {
    "durableTask": {
      "hubName": "WebCrawlerHub",
      "storageProvider": {
        "connectionStringName": "AzureWebJobsStorage"
      },
      "maxConcurrentActivityFunctions": 10,
      "maxConcurrentOrchestratorFunctions": 5
    },
    "http": {
      "routePrefix": "api"
    }
  },
  "functionTimeout": "00:10:00",
  "healthMonitor": {
    "enabled": true,
    "healthCheckInterval": "00:00:10",
    "healthCheckWindow": "00:02:00",
    "healthCheckThreshold": 6,
    "counterThreshold": 0.80
  }
}